Anime ID,Title,Type,Score,Episodes,Popularity,Members,Genres,Studios,Year,Season,Updated_At
38883,Haikyu!! To the Top,TV,8.37,13,174,1033226,Sports,Production I.G,2020,winter,2026-01-04
39534,Toilet-Bound Hanako-kun,TV,7.82,12,353,675065,Supernatural,Lerche,2020,winter,2026-01-04
38668,Dorohedoro,TV,8.04,12,396,618398,"Action, Comedy, Fantasy, Horror",MAPPA,2020,winter,2026-01-04
38656,Darwin's Game,TV,7.21,11,405,605995,"Action, Mystery, Suspense",Nexus,2020,winter,2026-01-04
38790,"BOFURI: I Don't Want to Get Hurt, so I'll Max Out My Defense.",TV,7.5,12,414,591969,"Action, Adventure, Comedy, Fantasy",SILVER LINK.,2020,winter,2026-01-04
39017,In/Spectre,TV,6.92,12,467,526927,"Mystery, Romance, Supernatural",Brain's Base,2020,winter,2026-01-04
36862,Made in Abyss: Dawn of the Deep Soul,Movie,8.6,1,470,525470,"Adventure, Drama, Fantasy, Mystery, Sci-Fi",Kinema Citrus,2020,winter,2026-01-04
40010,Interspecies Reviewers,TV,7.4,12,504,500004,"Comedy, Fantasy, Erotica",Passione,2020,winter,2026-01-04
37345,Plunderer,TV,6.65,24,524,483615,"Action, Fantasy, Romance, Ecchi",Geek Toys,2020,winter,2026-01-04
40046,ID: INVADED,TV,7.81,13,620,420217,"Mystery, Sci-Fi, Suspense",NAZ,2020,winter,2026-01-04
38992,"Science Fell in Love, So I Tried to Prove It",TV,7.34,12,684,387586,"Comedy, Romance",Zero-G,2020,winter,2026-01-04
41094,The Daily Life of the Immortal King,ONA,7.31,15,686,386853,"Adventure, Comedy, Fantasy",Haoliners Animation,2020,winter,2026-01-04
39792,Keep Your Hands Off Eizouken!,TV,8.13,12,738,364208,"Adventure, Award Winning, Comedy",Science SARU,2020,winter,2026-01-04
40262,Haikyu!! Land vs. Air,OVA,7.84,2,799,339499,Sports,Production I.G,2020,winter,2026-01-04
39576,Goblin Slayer: Goblin's Crown,Movie,7.26,1,861,319659,"Action, Adventure, Fantasy",White Fox,2020,winter,2026-01-04
39575,Somali and the Forest Spirit,TV,7.81,12,879,314421,"Adventure, Drama, Fantasy","Satelight, HORNETS",2020,winter,2026-01-04
38481,A Certain Scientific Railgun T,TV,8.14,25,1050,262874,"Action, Fantasy, Sci-Fi",J.C.Staff,2020,winter,2026-01-04
39988,Isekai Quartet2,TV,7.36,12,1082,252944,"Comedy, Fantasy",Studio PuYUKAI,2020,winter,2026-01-04
40483,Seton Academy: Join the Pack!,TV,6.9,12,1270,215935,"Comedy, Ecchi",Studio Gokumi,2020,winter,2026-01-04
38909,Infinite Dendrogram,TV,6.2,13,1383,196791,"Action, Adventure, Fantasy",NAZ,2020,winter,2026-01-04
38924,Nekopara,TV,6.72,12,1450,186808,Slice of Life,Felix Film,2020,winter,2026-01-04
38256,Magia Record: Puella Magi Madoka Magica Side Story,TV,6.83,13,1538,175222,"Drama, Suspense",Shaft,2020,winter,2026-01-04
40746,Overflow,ONA,7.24,8,1649,159696,Hentai,Studio Hokiboshi,2020,winter,2026-01-04
40392,Smile Down the Runway,TV,7.54,12,1854,138000,Drama,Ezόla,2020,winter,2026-01-04
40453,Is It Wrong to Try to Pick Up Girls in a Dungeon? II: Is It Wrong to go Searching for Herbs on a Deserted Island?,OVA,6.5,1,2111,117312,"Adventure, Comedy, Fantasy, Ecchi",J.C.Staff,2020,winter,2026-01-04
40591,Kaguya-sama: Love is War?,TV,8.62,12,98,1470094,"Comedy, Romance",A-1 Pictures,2020,spring,2026-01-04
40221,Tower of God,TV,7.56,13,170,1052355,"Action, Adventure, Drama, Fantasy, Mystery",Telecom Animation Film,2020,spring,2026-01-04
40902,Food Wars! The Fifth Plate,TV,7.31,13,430,578686,"Gourmet, Ecchi",J.C.Staff,2020,spring,2026-01-04
40417,Fruits Basket 2nd Season,TV,8.53,25,431,572865,"Drama, Romance, Supernatural",TMS Entertainment,2020,spring,2026-01-04
39463,Gleipnir,TV,6.95,13,463,533117,"Action, Mystery, Ecchi",PINE JAM,2020,spring,2026-01-04
38555,My Next Life as a Villainess: All Routes Lead to Doom!,TV,7.44,12,503,501469,"Comedy, Fantasy, Romance",SILVER LINK.,2020,spring,2026-01-04
41168,A Whisker Away,ONA,7.35,1,518,485976,"Award Winning, Drama, Romance, Supernatural",Studio Colorido,2020,spring,2026-01-04
41120,The Millionaire Detective – Balance: Unlimited,TV,7.51,11,547,466222,Mystery,CloverWorks,2020,spring,2026-01-04
40060,BNA: Brand New Animal,TV,7.34,12,666,397958,"Action, Fantasy",Trigger,2020,spring,2026-01-04
40716,Kakushigoto,TV,7.96,12,764,350298,Comedy,Ajia-do,2020,spring,2026-01-04
39710,"Sing ""Yesterday"" for Me",TV,6.86,12,822,330635,"Drama, Romance",Doga Kobo,2020,spring,2026-01-04
39292,Princess Connect! Re:Dive,TV,7.03,13,882,312986,"Adventure, Comedy, Fantasy, Gourmet",CygamesPictures,2020,spring,2026-01-04
38830,The 8th Son? Are You Kidding Me?,TV,6.27,12,1014,270130,"Action, Fantasy","SynergySP, Shin-Ei Animation",2020,spring,2026-01-04
40815,Ascendance of a Bookworm Season 2,TV,8.08,12,1114,246268,Fantasy,Ajia-do,2020,spring,2026-01-04
39555,Baki: The Great Raitai Tournament Saga,ONA,7.53,13,1186,233050,Sports,TMS Entertainment,2020,spring,2026-01-04
40128,Arte,TV,7.2,12,1806,142828,Drama,Seven Arcs,2020,spring,2026-01-04
40532,Appare-Ranman!,TV,7.24,13,1824,140480,Comedy,P.A. Works,2020,spring,2026-01-04
40682,Kingdom: Season 3,TV,8.84,26,1960,128555,Action,"Studio Pierrot, Studio Signpost",2020,spring,2026-01-04
39469,Tsugu Tsugumomo,TV,7.4,12,2023,123528,"Action, Comedy, Supernatural, Ecchi",Zero-G,2020,spring,2026-01-04
38843,Shironeko Project ZERO CHRONICLE,TV,5.4,12,2202,109127,"Action, Adventure, Fantasy",Project No.9,2020,spring,2026-01-04
40485,Strike the Blood IV,OVA,6.93,12,2418,94513,"Action, Fantasy, Ecchi",Connect,2020,spring,2026-01-04
40513,"Wave, Listen to Me!",TV,7.34,12,2487,91306,"Comedy, Drama",Sunrise,2020,spring,2026-01-04
39730,Diary of Our Days at the Breakwater,TV,7.44,12,2878,71434,"Gourmet, Slice of Life",Doga Kobo,2020,spring,2026-01-04
40165,Listeners,TV,5.4,12,2982,66913,Sci-Fi,MAPPA,2020,spring,2026-01-04
41074,Digimon Adventure:,TV,6.5,67,3146,60867,"Action, Adventure, Comedy, Fantasy",Toei Animation,2020,spring,2026-01-04
39587,Re:ZERO -Starting Life in Another World- Season 2,TV,8.33,13,128,1249280,"Drama, Fantasy, Suspense",White Fox,2020,summer,2026-01-04
40839,Rent-a-Girlfriend,TV,6.86,12,167,1071806,"Comedy, Romance",TMS Entertainment,2020,summer,2026-01-04
41353,The God of High School,TV,7.07,13,193,987392,"Action, Fantasy",MAPPA,2020,summer,2026-01-04
40956,Fire Force Season 2,TV,7.82,24,223,893093,"Action, Fantasy, Sci-Fi",David Production,2020,summer,2026-01-04
40496,The Misfit of Demon King Academy,TV,7.31,13,228,887669,"Action, Fantasy",SILVER LINK.,2020,summer,2026-01-04
39547,My Teen Romantic Comedy SNAFU Climax!,TV,8.35,12,272,804970,"Comedy, Romance",feel.,2020,summer,2026-01-04
40052,Great Pretender,TV,8.19,23,308,734422,"Action, Adventure, Mystery",Wit Studio,2020,summer,2026-01-04
37987,Violet Evergarden: The Movie,Movie,8.84,1,326,707734,"Award Winning, Drama",Kyoto Animation,2020,summer,2026-01-04
40540,Sword Art Online: Alicization - War of Underworld Part 2,TV,7.51,11,352,675598,"Action, Adventure, Fantasy",A-1 Pictures,2020,summer,2026-01-04
41226,Uzaki-chan Wants to Hang Out!,TV,6.96,12,476,520723,"Comedy, Romance",ENGI,2020,summer,2026-01-04
33050,Fate/stay night: Heaven's Feel - III. Spring Song,Movie,8.64,1,668,396343,"Action, Fantasy",ufotable,2020,summer,2026-01-04
40056,Deca-Dence,TV,7.35,12,848,322829,"Action, Adventure, Sci-Fi",Nut,2020,summer,2026-01-04
40421,given The Movie,Movie,8.11,1,1060,259691,"Boys Love, Drama",Lerche,2020,summer,2026-01-04
40708,Monster Girl Doctor,TV,6.52,12,1119,245759,"Comedy, Fantasy, Romance, Ecchi",Arvo Animation,2020,summer,2026-01-04
40436,Peter Grill and the Philosopher's Time,TV,5.53,12,1246,219947,"Comedy, Fantasy, Erotica",Wolfsbane,2020,summer,2026-01-04
40615,The Stranger by the Shore,Movie,7.81,1,1278,214017,Boys Love,Studio Hibari,2020,summer,2026-01-04
42603,My Hero Academia: Make It! Do-or-Die Survival Training,ONA,7.17,2,1386,196367,Action,Bones,2020,summer,2026-01-04
40623,SUPER HXEROS,TV,5.75,12,1670,157091,"Action, Comedy, Romance, Sci-Fi, Ecchi",Project No.9,2020,summer,2026-01-04
40515,Japan Sinks: 2020,ONA,6.46,10,1678,156351,"Drama, Sci-Fi",Science SARU,2020,summer,2026-01-04
40936,ORESUKI Are you the only one who loves me? - Our Playball / Our End Run / Our Game,OVA,7.55,1,1910,133218,"Comedy, Romance",Connect,2020,summer,2026-01-04
37932,The King's Avatar 2,ONA,7.9,12,1957,128773,Action,Colored Pencil Animation,2020,summer,2026-01-04
40416,Date A Bullet: Dead or Bullet,Movie,7.59,1,2122,116291,"Action, Fantasy, Sci-Fi",Geek Toys,2020,summer,2026-01-04
40215,Aggretsuko (ONA) 3rd Season,ONA,7.78,10,2376,97850,Comedy,Fanworks,2020,summer,2026-01-04
42091,Attack on Titan: Chronicle,Movie,7.83,1,2384,97163,"Action, Drama, Suspense",Wit Studio,2020,summer,2026-01-04
39753,"Love Me, Love Me Not",Movie,7.25,1,2553,86772,"Drama, Romance",A-1 Pictures,2020,summer,2026-01-04
40748,Jujutsu Kaisen,TV,8.52,24,13,2933232,"Action, Award Winning, Supernatural",MAPPA,2020,fall,2026-01-04
40456,Demon Slayer: Kimetsu no Yaiba - The Movie: Mugen Train,Movie,8.55,1,68,1736101,"Action, Supernatural",ufotable,2020,fall,2026-01-04
40776,Haikyu!! To the Top 2nd-cour,TV,8.56,12,217,909336,Sports,Production I.G,2020,fall,2026-01-04
41389,Tonikawa: Over The Moon For You,TV,7.84,12,262,821415,"Comedy, Romance",Seven Arcs,2020,fall,2026-01-04
40454,Is It Wrong to Try to Pick Up Girls in a Dungeon? III,TV,7.46,12,357,668397,"Action, Adventure, Fantasy",J.C.Staff,2020,fall,2026-01-04
40787,"Josee, the Tiger and the Fish",Movie,8.38,1,488,511910,"Drama, Romance",Bones,2020,fall,2026-01-04
40911,Moriarty the Patriot,TV,8.17,11,509,497024,"Mystery, Suspense",Production I.G,2020,fall,2026-01-04
41433,Akudama Drive,TV,7.57,12,526,481839,"Action, Sci-Fi, Suspense",Studio Pierrot,2020,fall,2026-01-04
40571,Wandering Witch: The Journey of Elaina,TV,7.56,12,575,448482,"Adventure, Fantasy",C2C,2020,fall,2026-01-04
40497,The Irregular at Magic High School: Visitor Arc,TV,7.27,13,680,390530,"Action, Fantasy, Romance, Sci-Fi",8bit,2020,fall,2026-01-04
41619,Talentless Nana,TV,7.16,13,718,371435,Suspense,Bridge,2020,fall,2026-01-04
40595,Our Last Crusade or the Rise of a New World,TV,6.71,12,781,344146,"Action, Fantasy, Romance",SILVER LINK.,2020,fall,2026-01-04
41380,I'm Standing on a Million Lives,TV,6.52,12,830,327871,"Action, Adventure, Drama, Fantasy",Maho Film,2020,fall,2026-01-04
41345,Noblesse,TV,6.9,13,846,323177,"Action, Supernatural",Production I.G,2020,fall,2026-01-04
41006,Higurashi: When They Cry – Gou,TV,7.2,24,914,299070,"Horror, Mystery, Suspense",Passione,2020,fall,2026-01-04
41930,The Day I Became a God,TV,6.8,12,970,281475,Drama,P.A. Works,2020,fall,2026-01-04
41468,Burn the Witch,ONA,7.14,3,985,278095,"Action, Fantasy","Studio Colorido, team Yamahitsuji",2020,fall,2026-01-04
41312,By the Grace of the Gods,TV,6.96,12,1105,248327,"Fantasy, Slice of Life",Maho Film,2020,fall,2026-01-04
40397,Sleepy Princess in the Demon Castle,TV,7.95,12,1137,243127,"Comedy, Fantasy",Doga Kobo,2020,fall,2026-01-04
39790,Adachi and Shimamura,TV,7.08,12,1313,208314,Girls Love,Tezuka Productions,2020,fall,2026-01-04
40059,Golden Kamuy Season 3,TV,8.43,12,1399,193884,"Action, Adventure",Geno Studio,2020,fall,2026-01-04
40974,Kuma Kuma Kuma Bear,TV,7.23,12,1464,184444,"Adventure, Comedy, Fantasy",EMT Squared,2020,fall,2026-01-04
40730,Heaven Official's Blessing,ONA,8.42,11,1558,172693,"Action, Adventure, Drama, Fantasy",Haoliners Animation,2020,fall,2026-01-04
41911,Yashahime: Princess Half-Demon,TV,6.69,24,1932,131359,"Action, Adventure, Fantasy",Sunrise,2020,fall,2026-01-04
40359,Ikebukuro West Gate Park,TV,6.87,12,1972,127533,"Drama, Mystery",Doga Kobo,2020,fall,2026-01-04
40028,Attack on Titan: Final Season,TV,8.78,16,31,2234179,"Action, Drama, Suspense",MAPPA,2021,winter,2026-01-04
42897,Horimiya,TV,8.19,13,82,1588409,Romance,CloverWorks,2021,winter,2026-01-04
39535,Mushoku Tensei: Jobless Reincarnation,TV,8.34,11,89,1529569,"Adventure, Drama, Fantasy, Ecchi",Studio Bind,2021,winter,2026-01-04
40852,Dr. Stone: Stone Wars,TV,8.15,11,140,1177130,"Adventure, Comedy",TMS Entertainment,2021,winter,2026-01-04
39551,That Time I Got Reincarnated as a Slime Season 2,TV,8.34,12,162,1086013,"Action, Comedy, Fantasy",8bit,2021,winter,2026-01-04
42203,Re:ZERO -Starting Life in Another World- Season 2 Part 2,TV,8.42,12,173,1037617,"Drama, Fantasy, Suspense",White Fox,2021,winter,2026-01-04
39617,The Promised Neverland Season 2,TV,5.25,11,192,987460,"Mystery, Suspense",CloverWorks,2021,winter,2026-01-04
43299,Wonder Egg Priority,TV,7.54,12,263,821293,"Drama, Supernatural, Suspense",CloverWorks,2021,winter,2026-01-04
39783,The Quintessential Quintuplets 2,TV,8.0,12,280,795180,"Comedy, Romance",Bibury Animation Studios,2021,winter,2026-01-04
40750,Redo of Healer,TV,6.32,12,382,633816,"Action, Adventure, Drama, Fantasy, Erotica",TNK,2021,winter,2026-01-04
42923,SK8 the Infinity,TV,8.0,12,391,620143,Sports,Bones,2021,winter,2026-01-04
37984,"So I'm a Spider, So What?",TV,7.45,24,506,498078,"Action, Adventure, Comedy, Fantasy",Millepensee,2021,winter,2026-01-04
40935,Beastars 2nd Season,TV,7.76,12,515,486966,"Drama, Suspense",Orange,2021,winter,2026-01-04
41491,The Seven Deadly Sins: Dragon's Judgement,TV,6.57,24,537,470682,"Action, Adventure, Fantasy",Studio Deen,2021,winter,2026-01-04
40530,Bottom-Tier Character Tomozaki,TV,7.1,12,599,433674,"Drama, Romance",Project No.9,2021,winter,2026-01-04
41899,The Hidden Dungeon Only I Can Enter,TV,6.27,12,602,431320,"Action, Adventure, Fantasy, Ecchi",Okuruto Noboru,2021,winter,2026-01-04
3786,Evangelion: 3.0+1.0 Thrice Upon a Time,Movie,8.58,1,629,415692,"Award Winning, Drama, Sci-Fi, Suspense",Khara,2021,winter,2026-01-04
40908,Kemono Jihen,TV,7.36,12,631,415134,"Action, Mystery, Supernatural",Ajia-do,2021,winter,2026-01-04
43690,High-Rise Invasion,ONA,6.68,12,715,372660,"Action, Horror, Mystery, Suspense",Zero-G,2021,winter,2026-01-04
40594,Suppose a Kid from the Last Dungeon Boonies Moved to a Starter Town?,TV,6.32,12,872,315794,"Adventure, Comedy, Fantasy",LIDENFILMS,2021,winter,2026-01-04
39586,Cells at Work!!,TV,7.38,8,922,296031,Comedy,David Production,2021,winter,2026-01-04
41109,Log Horizon: Destruction of the Round Table,TV,7.07,12,1040,264562,"Action, Adventure, Fantasy",Studio Deen,2021,winter,2026-01-04
38474,Laid-Back Camp Season 2,TV,8.5,13,1099,249732,Slice of Life,C-Station,2021,winter,2026-01-04
41694,Cells at Work! CODE BLACK!,TV,7.51,13,1142,242135,"Action, Drama",LIDENFILMS,2021,winter,2026-01-04
39486,Gintama: The Very Final,Movie,9.05,1,1511,178200,"Action, Comedy, Drama, Sci-Fi",Bandai Namco Pictures,2021,winter,2026-01-04
42249,Tokyo Revengers,TV,7.83,24,105,1381390,"Action, Drama",LIDENFILMS,2021,spring,2026-01-04
41587,My Hero Academia Season 5,TV,7.35,25,110,1324055,Action,Bones,2021,spring,2026-01-04
41025,To Your Eternity,TV,8.35,20,194,975247,"Adventure, Drama, Supernatural",Brain's Base,2021,spring,2026-01-04
41457,86 Eighty-Six,TV,8.34,11,210,937598,"Drama, Sci-Fi",A-1 Pictures,2021,spring,2026-01-04
42361,"Don't Toy with Me, Miss Nagatoro",TV,7.19,12,239,872053,"Comedy, Romance",Telecom Animation Film,2021,spring,2026-01-04
40938,"Higehiro: After Being Rejected, I Shaved and Took in a High School Runaway",TV,7.26,13,361,663556,"Drama, Romance",Project No.9,2021,spring,2026-01-04
46095,Vivy -Fluorite Eye's Song-,TV,8.38,13,411,596925,"Action, Sci-Fi, Suspense",Wit Studio,2021,spring,2026-01-04
42938,Fruits Basket: The Final Season,TV,8.94,13,446,549589,"Drama, Romance, Supernatural",TMS Entertainment,2021,spring,2026-01-04
46102,Odd Taxi,TV,8.63,13,510,496961,"Award Winning, Drama, Mystery, Suspense","OLM, P.I.C.S.",2021,spring,2026-01-04
43692,The Way of the Househusband,ONA,7.26,5,543,467328,Comedy,J.C.Staff,2021,spring,2026-01-04
44074,Link Click,ONA,8.72,11,551,464223,"Drama, Mystery, Suspense",LAN Studio,2021,spring,2026-01-04
41623,How Not to Summon a Demon Lord Ω,TV,6.68,10,557,457460,"Action, Comedy, Fantasy, Romance, Ecchi","Tezuka Productions, Okuruto Noboru",2021,spring,2026-01-04
40586,I've Been Killing Slimes for 300 Years and Maxed Out My Level,TV,6.89,12,586,439151,"Comedy, Fantasy",Revoroot,2021,spring,2026-01-04
41456,Combatants Will Be Dispatched!,TV,7.13,12,633,414930,"Action, Comedy, Fantasy",J.C.Staff,2021,spring,2026-01-04
41488,The Slime Diaries,TV,7.59,12,709,375903,"Comedy, Fantasy",8bit,2021,spring,2026-01-04
44942,Record of Ragnarok,ONA,6.82,12,711,374990,"Action, Drama, Fantasy",Graphinica,2021,spring,2026-01-04
41402,Welcome to Demon School! Iruma-kun Season 2,TV,8.02,21,740,363777,"Comedy, Fantasy",Bandai Namco Pictures,2021,spring,2026-01-04
43007,Osamake: Romcom Where The Childhood Friend Won't Lose,TV,6.06,12,939,289035,"Comedy, Romance",Doga Kobo,2021,spring,2026-01-04
43325,Moriarty the Patriot Part 2,TV,8.29,13,951,285967,"Mystery, Suspense",Production I.G,2021,spring,2026-01-04
42192,Edens Zero,TV,7.25,25,967,282149,"Action, Adventure, Fantasy, Sci-Fi",J.C.Staff,2021,spring,2026-01-04
42205,Shaman King (2021),TV,6.9,52,977,280048,"Action, Adventure, Supernatural",Bridge,2021,spring,2026-01-04
43439,Shadows House,TV,7.81,13,987,277499,"Fantasy, Mystery",CloverWorks,2021,spring,2026-01-04
44276,Full Dive: The Ultimate Next-Gen Full Dive RPG Is Even Shittier than Real Life!,TV,6.47,12,1004,273132,"Action, Comedy, Fantasy",ENGI,2021,spring,2026-01-04
41103,Koikimo,TV,7.11,12,1066,256771,"Comedy, Romance",Nomad,2021,spring,2026-01-04
43609,Kaguya-sama: Love is War OVA,OVA,7.58,1,1070,255854,"Comedy, Romance, Ecchi",A-1 Pictures,2021,spring,2026-01-04
41487,That Time I Got Reincarnated as a Slime Season 2 Part 2,TV,8.3,12,231,885084,"Action, Comedy, Fantasy",8bit,2021,summer,2026-01-04
48580,The Case Study of Vanitas,TV,7.9,12,399,613024,"Action, Fantasy, Mystery",Bones,2021,summer,2026-01-04
39247,Miss Kobayashi's Dragon Maid S,TV,8.21,12,407,602814,"Slice of Life, Supernatural",Kyoto Animation,2021,summer,2026-01-04
43523,Tsukimichi -Moonlit Fantasy-,TV,7.71,12,457,540705,"Action, Adventure, Comedy, Fantasy",C2C,2021,summer,2026-01-04
41710,How a Realist Hero Rebuilt the Kingdom,TV,7.25,13,576,448468,"Action, Fantasy, Romance",J.C.Staff,2021,summer,2026-01-04
44203,Seirei Gensouki: Spirit Chronicles,TV,7.06,12,579,443411,"Action, Adventure, Fantasy, Romance",TMS Entertainment,2021,summer,2026-01-04
43969,"Girlfriend, Girlfriend",TV,6.51,12,628,416131,"Comedy, Romance",Tezuka Productions,2021,summer,2026-01-04
46471,The Detective Is Already Dead,TV,6.42,12,655,405141,"Comedy, Mystery, Romance",ENGI,2021,summer,2026-01-04
40904,Remake Our Life!,TV,7.38,12,708,375878,"Drama, Romance",feel.,2021,summer,2026-01-04
48849,Sonny Boy,TV,7.84,12,733,366702,"Award Winning, Mystery",Madhouse,2021,summer,2026-01-04
44200,My Hero Academia: World Heroes' Mission,Movie,7.58,1,963,283417,Action,Bones,2021,summer,2026-01-04
47257,The Duke of Death and His Maid,TV,7.58,12,986,277660,"Comedy, Fantasy, Romance",J.C.Staff,2021,summer,2026-01-04
42282,My Next Life as a Villainess: All Routes Lead to Doom! X,TV,7.25,12,1020,269823,"Comedy, Fantasy, Romance",SILVER LINK.,2021,summer,2026-01-04
48753,The Great Jahy Will Not Be Defeated!,TV,7.0,20,1035,265175,"Comedy, Supernatural",SILVER LINK.,2021,summer,2026-01-04
40620,Life Lessons with Uramichi-Oniisan,TV,7.7,13,1047,264068,Comedy,Studio Blanc.,2021,summer,2026-01-04
39175,Words Bubble Up Like Soda Pop,Movie,7.38,1,1059,260274,Romance,"Signal.MD, Sublimation",2021,summer,2026-01-04
42340,The Dungeon of Black Company,TV,7.21,12,1089,251339,"Comedy, Fantasy",SILVER LINK.,2021,summer,2026-01-04
43814,Battle Game in 5 Seconds,TV,6.75,12,1175,234803,"Action, Suspense","SynergySP, Vega Entertainment",2021,summer,2026-01-04
41812,Mother of the Goddess' Dormitory,TV,6.49,10,1242,220829,"Comedy, Romance, Ecchi",asread.,2021,summer,2026-01-04
42625,The Idaten Deities Know Only Peace,TV,7.6,11,1316,207450,"Action, Adventure, Fantasy",MAPPA,2021,summer,2026-01-04
42627,Peach Boy Riverside,TV,6.24,12,1364,199780,"Action, Adventure, Fantasy",Asahi Production,2021,summer,2026-01-04
42940,Baki Hanma,ONA,7.64,12,1415,192043,Sports,TMS Entertainment,2021,summer,2026-01-04
44807,Belle,Movie,7.47,1,1461,185030,"Drama, Fantasy, Sci-Fi",Studio Chizu,2021,summer,2026-01-04
44881,I’m Standing on a Million Lives Season 2,TV,6.79,12,1466,184332,"Action, Adventure, Drama, Fantasy",Maho Film,2021,summer,2026-01-04
46093,The Aquatope on White Sand,TV,7.51,24,1496,180563,Drama,P.A. Works,2021,summer,2026-01-04
48561,Jujutsu Kaisen 0,Movie,8.38,1,138,1193827,"Action, Supernatural",MAPPA,2021,fall,2026-01-04
45576,Mushoku Tensei: Jobless Reincarnation Part 2,TV,8.62,12,161,1087806,"Adventure, Drama, Fantasy, Ecchi",Studio Bind,2021,fall,2026-01-04
48926,Komi Can't Communicate,TV,7.8,12,190,990469,Comedy,OLM,2021,fall,2026-01-04
49926,Demon Slayer: Kimetsu no Yaiba Mugen Train Arc,TV,8.34,7,204,941693,"Action, Supernatural",ufotable,2021,fall,2026-01-04
40834,Ranking of Kings,TV,8.49,23,306,738437,"Adventure, Fantasy",Wit Studio,2021,fall,2026-01-04
47790,The World's Finest Assassin Gets Reincarnated in Another World as an Aristocrat,TV,7.32,12,392,620077,"Action, Drama, Fantasy, Mystery, Romance","SILVER LINK., Studio Palette",2021,fall,2026-01-04
48569,86 Eighty-Six Part 2,TV,8.72,12,398,617749,"Drama, Sci-Fi",A-1 Pictures,2021,fall,2026-01-04
48661,JoJo's Bizarre Adventure: Stone Ocean,ONA,8.07,12,419,587695,"Action, Adventure",David Production,2021,fall,2026-01-04
48556,Takt Op. Destiny,TV,7.16,12,436,562553,"Action, Fantasy, Sci-Fi","Madhouse, MAPPA",2021,fall,2026-01-04
48483,Mieruko-chan,TV,7.38,12,449,547283,"Comedy, Horror",Passione,2021,fall,2026-01-04
46352,Blue Period,TV,7.79,12,480,519117,Drama,Seven Arcs,2021,fall,2026-01-04
44961,Platinum End,TV,6.02,24,634,414337,"Drama, Supernatural, Suspense",Signal.MD,2021,fall,2026-01-04
44037,"Banished From The Hero's Party, I Decided To Live A Quiet Life In The Countryside",TV,6.92,13,700,380318,"Fantasy, Romance","Studio Flad, Wolfsbane",2021,fall,2026-01-04
42351,My Senpai is Annoying,TV,7.53,12,719,371442,"Comedy, Romance",Doga Kobo,2021,fall,2026-01-04
48761,The Faraway Paladin,TV,6.88,12,772,347428,"Action, Adventure, Fantasy",Children's Playground Entertainment,2021,fall,2026-01-04
42916,Sword Art Online the Movie: Progressive - Aria of a Starless Night,Movie,7.94,1,968,281953,"Action, Adventure, Fantasy",A-1 Pictures,2021,fall,2026-01-04
46985,"The Fruit of Evolution: Before I Knew It, My Life Had It Made",TV,6.16,12,1168,236228,"Adventure, Fantasy, Romance",Hotline,2021,fall,2026-01-04
42544,Fena: Pirate Princess,TV,7.07,12,1226,223477,"Action, Adventure, Fantasy",Production I.G,2021,fall,2026-01-04
44069,The Daily Life of the Immortal King 2,ONA,7.38,12,1483,181655,"Adventure, Comedy, Fantasy",Pb Animation,2021,fall,2026-01-04
48707,The Way of the Househusband Part 2,ONA,7.54,5,1502,179816,Comedy,J.C.Staff,2021,fall,2026-01-04
48471,Irina: The Vampire Cosmonaut,TV,7.33,12,1557,172681,Fantasy,Arvo Animation,2021,fall,2026-01-04
45055,Taisho Otome Fairy Tale,TV,7.79,12,1592,168509,"Comedy, Drama, Romance",SynergySP,2021,fall,2026-01-04
48171,Summer Ghost,Movie,7.91,1,1791,144291,"Drama, Supernatural",Flat Studio,2021,fall,2026-01-04
44940,World Trigger 3rd Season,TV,8.24,14,1858,137665,"Action, Sci-Fi",Toei Animation,2021,fall,2026-01-04
42847,Sing a Bit of Harmony,Movie,7.67,1,2051,121183,"Drama, Sci-Fi",J.C.Staff,2021,fall,2026-01-04
47778,Demon Slayer: Kimetsu no Yaiba Entertainment District Arc,TV,8.7,11,74,1688916,"Action, Supernatural",ufotable,2022,winter,2026-01-04
48583,Attack on Titan: Final Season Part 2,TV,8.77,12,93,1510566,"Action, Drama, Suspense",MAPPA,2022,winter,2026-01-04
48736,My Dress-Up Darling,TV,8.14,12,122,1273002,Romance,CloverWorks,2022,winter,2026-01-04
40507,Arifureta: From Commonplace to World's Strongest Season 2,TV,7.14,12,567,450784,"Action, Adventure, Fantasy","asread., studio MOTHER",2022,winter,2026-01-04
49114,The Case Study of Vanitas Part 2,TV,8.19,12,806,337012,"Action, Fantasy, Mystery",Bones,2022,winter,2026-01-04
47159,The Genius Prince's Guide to Raising a Nation Out of Debt,TV,7.38,12,837,326262,"Comedy, Fantasy",Yokohama Animation Lab,2022,winter,2026-01-04
49930,How a Realist Hero Rebuilt the Kingdom Part 2,TV,7.43,13,925,292753,"Action, Fantasy, Romance",J.C.Staff,2022,winter,2026-01-04
47161,The Strongest Sage with the Weakest Crest,TV,6.22,12,933,290600,"Action, Adventure, Fantasy",J.C.Staff,2022,winter,2026-01-04
41946,World's End Harem,TV,5.89,11,988,277264,"Sci-Fi, Erotica","Studio Gokumi, AXsiZ",2022,winter,2026-01-04
48414,Sabikui Bisco,TV,7.14,12,999,274686,"Action, Adventure, Fantasy, Sci-Fi",OZ,2022,winter,2026-01-04
44055,Sasaki and Miyano,TV,8.19,12,1203,229936,Boys Love,Studio Deen,2022,winter,2026-01-04
48553,Akebi's Sailor Uniform,TV,7.64,12,1304,209802,Slice of Life,CloverWorks,2022,winter,2026-01-04
49721,Teasing Master Takagi-san 3,TV,8.37,12,1312,208321,"Comedy, Romance",Shin-Ei Animation,2022,winter,2026-01-04
50360,Mushoku Tensei: Jobless Reincarnation - Eris the Goblin Slayer,Special,7.79,1,1317,207048,"Adventure, Drama, Fantasy",Studio Bind,2022,winter,2026-01-04
48997,Life with an Ordinary Guy who Reincarnated into a Total Fantasy Knockout,TV,7.12,12,1340,203180,"Adventure, Comedy, Fantasy",OLM,2022,winter,2026-01-04
49909,Kotaro Lives Alone,ONA,8.15,10,1369,198852,Slice of Life,LIDENFILMS,2022,winter,2026-01-04
44516,Love of Kill,TV,6.9,12,1406,193234,"Action, Romance",Platinum Vision,2022,winter,2026-01-04
48239,In the Land of Leadale,TV,6.95,12,1463,184767,"Adventure, Comedy, Fantasy",Maho Film,2022,winter,2026-01-04
42072,She Professed Herself Pupil of the Wise Man,TV,6.33,12,1819,141087,"Adventure, Fantasy",Studio A-CAT,2022,winter,2026-01-04
42670,Princess Connect! Re:Dive Season 2,TV,7.73,12,1830,139969,"Adventure, Comedy, Fantasy, Gourmet",CygamesPictures,2022,winter,2026-01-04
45560,Orient,TV,6.61,12,1962,128463,"Action, Adventure, Fantasy",A.C.G.T.,2022,winter,2026-01-04
49310,Fruits Basket: Prelude,Movie,8.36,1,1976,127354,"Drama, Romance",TMS Entertainment,2022,winter,2026-01-04
49738,The Heike Story,TV,7.79,11,2488,91236,"Drama, Supernatural",Science SARU,2022,winter,2026-01-04
50185,Salaryman's Club,TV,7.34,12,2571,86095,Sports,LIDENFILMS,2022,winter,2026-01-04
49893,Miss Kobayashi's Dragon Maid S: Japanese Hospitality (The Attendant is a Dragon),Special,7.78,1,2658,81660,"Slice of Life, Supernatural",Kyoto Animation,2022,winter,2026-01-04
50265,Spy x Family,TV,8.43,12,57,1832918,"Action, Award Winning, Comedy","Wit Studio, CloverWorks",2022,spring,2026-01-04
43608,Kaguya-sama: Love is War -Ultra Romantic-,TV,8.96,13,165,1077698,"Comedy, Romance",A-1 Pictures,2022,spring,2026-01-04
40356,The Rising of the Shield Hero Season 2,TV,6.53,13,248,851313,"Action, Adventure, Drama, Fantasy","Kinema Citrus, DR Movie",2022,spring,2026-01-04
47194,Summer Time Rendering,TV,8.47,25,367,655591,"Mystery, Supernatural, Suspense",OLM,2022,spring,2026-01-04
45613,Shikimori's Not Just a Cutie,TV,6.94,12,401,610784,"Comedy, Romance",Doga Kobo,2022,spring,2026-01-04
50631,Komi Can't Communicate Season 2,TV,7.98,12,454,545066,Comedy,OLM,2022,spring,2026-01-04
50273,Tomodachi Game,TV,7.71,12,533,477254,Suspense,Okuruto Noboru,2022,spring,2026-01-04
49520,Aharen-san wa Hakarenai,TV,7.27,12,689,385774,"Comedy, Romance",Felix Film,2022,spring,2026-01-04
50461,Trapped in a Dating Sim: The World of Otome Games is Tough for Mobs,TV,7.31,12,723,369963,"Fantasy, Romance",ENGI,2022,spring,2026-01-04
48760,Skeleton Knight in Another World,TV,7.14,12,741,363317,"Action, Adventure, Fantasy","Studio KAI, HORNETS",2022,spring,2026-01-04
50175,I'm Quitting Heroing,TV,7.0,12,774,346677,"Action, Adventure, Comedy, Fantasy",EMT Squared,2022,spring,2026-01-04
48415,The Greatest Demon Lord Is Reborn as a Typical Nobody,TV,6.29,12,813,332511,"Action, Fantasy","SILVER LINK., Blade",2022,spring,2026-01-04
48675,A Couple of Cuckoos,TV,6.86,24,821,330592,"Comedy, Romance","SynergySP, Shin-Ei Animation",2022,spring,2026-01-04
50380,Ya Boy Kongming!,TV,8.1,12,839,325730,Comedy,P.A. Works,2022,spring,2026-01-04
48548,The Quintessential Quintuplets Movie,Movie,7.81,1,898,307819,"Comedy, Romance",Bibury Animation Studios,2022,spring,2026-01-04
41461,Date A Live IV,TV,7.73,12,961,284081,"Action, Fantasy, Romance, Sci-Fi",Geek Toys,2022,spring,2026-01-04
48643,Love After World Domination,TV,7.38,12,1009,271214,"Action, Comedy, Fantasy, Romance",Project No.9,2022,spring,2026-01-04
49052,Aoashi,TV,8.15,24,1101,249634,Sports,Production I.G,2022,spring,2026-01-04
50549,Bubble,ONA,7.23,1,1151,239847,"Action, Sci-Fi",Wit Studio,2022,spring,2026-01-04
42429,Ascendance of a Bookworm Season 3,TV,8.07,10,1443,187775,Fantasy,Ajia-do,2022,spring,2026-01-04
47162,The Executioner and Her Way of Life,TV,6.76,12,1446,187113,"Action, Adventure, Fantasy",J.C.Staff,2022,spring,2026-01-04
48842,The Dawn of the Witch,TV,6.39,12,1492,180661,"Action, Adventure, Comedy, Fantasy",Tezuka Productions,2022,spring,2026-01-04
43470,"Science Fell in Love, So I Tried to Prove It r=1-sinθ",TV,7.3,12,1596,168111,"Comedy, Romance",Zero-G,2022,spring,2026-01-04
48903,Dragon Ball Super: Super Hero,Movie,7.58,1,1826,140267,"Action, Adventure, Fantasy",Toei Animation,2022,spring,2026-01-04
48779,Deaimon: Recipe for Happiness,TV,7.55,12,2219,107398,Slice of Life,Encourage Films,2022,spring,2026-01-04
42310,Cyberpunk: Edgerunners,ONA,8.62,10,186,996660,"Action, Sci-Fi",Trigger,2022,summer,2026-01-04
51096,Classroom of the Elite II,TV,8.06,13,292,769913,"Drama, Suspense",Lerche,2022,summer,2026-01-04
50346,Call of the Night,TV,7.95,13,304,741922,"Romance, Supernatural",LIDENFILMS,2022,summer,2026-01-04
48895,Overlord IV,TV,8.06,13,393,619025,"Action, Adventure, Fantasy",Madhouse,2022,summer,2026-01-04
50709,Lycoris Recoil,TV,8.14,13,429,578943,Action,A-1 Pictures,2022,summer,2026-01-04
41084,Made in Abyss: The Golden City of the Scorching Sun,TV,8.6,12,473,524705,"Adventure, Drama, Fantasy, Mystery, Sci-Fi",Kinema Citrus,2022,summer,2026-01-04
48413,The Devil is a Part-Timer! Season 2,TV,6.65,12,482,518555,"Comedy, Supernatural",Studio 3Hz,2022,summer,2026-01-04
42963,Rent-a-Girlfriend Season 2,TV,6.72,12,546,466726,"Comedy, Romance",TMS Entertainment,2022,summer,2026-01-04
49220,Uncle from Another World,TV,7.75,13,626,416606,"Comedy, Fantasy",Atelier Pontdarc,2022,summer,2026-01-04
47164,Is It Wrong to Try to Pick Up Girls in a Dungeon? IV,TV,7.74,11,665,398655,"Action, Adventure, Fantasy",J.C.Staff,2022,summer,2026-01-04
50612,Dr. Stone: Ryusui,TV Special,8.12,1,717,371802,"Adventure, Comedy",TMS Entertainment,2022,summer,2026-01-04
51367,JoJo's Bizarre Adventure: Stone Ocean Part 2,ONA,8.04,12,813,332603,"Action, Adventure",David Production,2022,summer,2026-01-04
49470,My Stepmom's Daughter Is My Ex,TV,6.72,12,817,331737,"Comedy, Romance",Project No.9,2022,summer,2026-01-04
51213,Vermeil in Gold,TV,6.79,12,825,329714,"Fantasy, Ecchi",Staple Entertainment,2022,summer,2026-01-04
44524,Harem in the Labyrinth of Another World,TV,6.53,12,929,291613,"Action, Adventure, Fantasy, Erotica",Passione,2022,summer,2026-01-04
51064,Black Summoner,TV,7.02,12,952,285589,"Action, Adventure, Fantasy",Satelight,2022,summer,2026-01-04
51417,Engage Kiss,TV,6.78,13,1006,272062,"Action, Comedy, Romance",A-1 Pictures,2022,summer,2026-01-04
49438,Parallel World Pharmacy,TV,7.26,12,1044,264248,Fantasy,Diomedéa,2022,summer,2026-01-04
49776,The Yakuza's Guide to Babysitting,TV,7.74,12,1068,256278,Slice of Life,"feel., Gaina",2022,summer,2026-01-04
47163,My Isekai Life: I Gained a Second Character Class and Became the Strongest Sage in the World,TV,6.32,12,1107,246881,"Action, Adventure, Fantasy",Revoroot,2022,summer,2026-01-04
50593,"The Tunnel to Summer, the Exit of Goodbyes",Movie,7.96,1,1170,235874,"Drama, Mystery, Romance, Supernatural",CLAP,2022,summer,2026-01-04
50410,One Piece Film: Red,Movie,7.81,1,1244,220149,"Action, Adventure, Award Winning, Comedy, Drama, Fantasy",Toei Animation,2022,summer,2026-01-04
45653,When Will Ayumu Make His Move?,TV,7.01,12,1479,181800,"Comedy, Romance",SILVER LINK.,2022,summer,2026-01-04
51837,The Maid I Hired Recently Is Mysterious,TV,6.56,11,1798,143532,"Comedy, Romance","SILVER LINK., Blade",2022,summer,2026-01-04
49782,Shadows House 2nd Season,TV,8.02,12,1861,137448,"Fantasy, Mystery",CloverWorks,2022,summer,2026-01-04
44511,Chainsaw Man,TV,8.43,12,52,1878911,"Action, Fantasy",MAPPA,2022,fall,2026-01-04
50602,Spy x Family Part 2,TV,8.21,13,158,1097961,"Action, Comedy","Wit Studio, CloverWorks",2022,fall,2026-01-04
49596,Blue Lock,TV,8.14,24,244,862803,Sports,8bit,2022,fall,2026-01-04
48316,The Eminence in Shadow,TV,8.23,20,258,830122,"Action, Comedy, Fantasy",Nexus,2022,fall,2026-01-04
50172,Mob Psycho 100 III,TV,8.71,12,259,829662,"Action, Comedy, Supernatural",Bones,2022,fall,2026-01-04
49918,My Hero Academia Season 6,TV,8.22,25,283,788112,Action,Bones,2022,fall,2026-01-04
47917,Bocchi the Rock!,TV,8.74,12,299,753582,Comedy,CloverWorks,2022,fall,2026-01-04
41467,Bleach: Thousand-Year Blood War,TV,8.99,13,349,676851,"Action, Adventure, Supernatural",Studio Pierrot,2022,fall,2026-01-04
50594,Suzume,Movie,8.25,1,529,480387,"Adventure, Supernatural",CoMix Wave Films,2022,fall,2026-01-04
50425,"More than a Married Couple, but Not Lovers.",TV,7.59,12,646,407836,Romance,studio MOTHER,2022,fall,2026-01-04
52198,Kaguya-sama: Love is War -The First Kiss That Never Ends-,Movie,8.72,1,749,358742,"Comedy, Drama, Romance",A-1 Pictures,2022,fall,2026-01-04
49709,To Your Eternity Season 2,TV,8.11,20,829,328584,"Adventure, Drama, Supernatural",Drive,2022,fall,2026-01-04
49891,Reincarnated as a Sword,TV,7.5,12,832,327527,"Action, Adventure, Fantasy",C2C,2022,fall,2026-01-04
52865,Romantic Killer,ONA,7.92,12,974,280646,"Comedy, Romance, Supernatural",domerica,2022,fall,2026-01-04
53273,JoJo's Bizarre Adventure: Stone Ocean Part 3,ONA,8.51,14,978,279741,"Action, Adventure",David Production,2022,fall,2026-01-04
42962,Uzaki-chan Wants to Hang Out! Season 2,TV,7.24,13,1108,246824,"Comedy, Romance",ENGI,2022,fall,2026-01-04
49784,Welcome to Demon School! Iruma-kun Season 3,TV,7.83,21,1147,240338,"Comedy, Fantasy",Bandai Namco Pictures,2022,fall,2026-01-04
49877,That Time I Got Reincarnated as a Slime: The Movie - Scarlet Bond,Movie,7.63,1,1148,240296,"Action, Comedy, Fantasy",8bit,2022,fall,2026-01-04
52046,Beast Tamer,TV,6.91,13,1165,236488,"Action, Adventure, Fantasy",EMT Squared,2022,fall,2026-01-04
49979,"I'm the Villainess, So I'm Taming the Final Boss",TV,7.2,12,1283,212625,"Comedy, Fantasy, Romance",Maho Film,2022,fall,2026-01-04
50710,Urusei Yatsura,TV,7.4,23,1357,200513,"Comedy, Romance, Sci-Fi",David Production,2022,fall,2026-01-04
52193,Akiba Maid War,TV,7.58,12,1436,188256,"Action, Comedy",P.A. Works,2022,fall,2026-01-04
51098,Shinobi no Ittoki,TV,6.06,12,1447,186962,Action,TROYCA,2022,fall,2026-01-04
49828,Mobile Suit Gundam: The Witch from Mercury,TV,7.84,12,1477,182189,Sci-Fi,Sunrise,2022,fall,2026-01-04
51403,Love Flops,TV,6.69,12,1536,175231,"Comedy, Romance, Sci-Fi, Ecchi",Passione,2022,fall,2026-01-04
51535,Attack on Titan: Final Season - The Final Chapters,TV Special,8.86,2,261,826642,"Action, Drama, Suspense",MAPPA,2023,winter,2026-01-04
49387,Vinland Saga Season 2,TV,8.82,24,271,811369,"Action, Adventure, Drama",MAPPA,2023,winter,2026-01-04
52305,Tomo-chan Is a Girl!,TV,7.72,13,513,490449,"Comedy, Romance",Lay-duce,2023,winter,2026-01-04
50608,Tokyo Revengers: Christmas Showdown,TV,7.62,13,624,417870,"Action, Drama",LIDENFILMS,2023,winter,2026-01-04
50739,The Angel Next Door Spoils Me Rotten,TV,7.85,12,636,413046,Romance,Project No.9,2023,winter,2026-01-04
48417,The Misfit of Demon King Academy Ⅱ,TV,6.84,12,667,397667,"Action, Fantasy",SILVER LINK.,2023,winter,2026-01-04
50330,Bungo Stray Dogs 4,TV,8.42,13,767,349170,"Action, Mystery",Bones,2023,winter,2026-01-04
53411,Buddy Daddies,TV,8.1,12,789,342206,"Action, Comedy",P.A. Works,2023,winter,2026-01-04
51105,NieR:Automata Ver1.1a,TV,7.55,12,822,330544,"Action, Fantasy, Sci-Fi",A-1 Pictures,2023,winter,2026-01-04
50197,"Don't Toy with Me, Miss Nagatoro 2nd Attack",TV,7.44,12,838,326065,"Comedy, Romance",OLM,2023,winter,2026-01-04
53446,Campfire Cooking in Another World with My Absurd Skill,TV,7.64,12,864,318957,"Adventure, Comedy, Fantasy, Gourmet",MAPPA,2023,winter,2026-01-04
53111,Is It Wrong to Try to Pick Up Girls in a Dungeon? IV Part 2,TV,8.25,11,959,284128,"Action, Adventure, Fantasy",J.C.Staff,2023,winter,2026-01-04
51462,Farming Life in Another World,TV,7.53,12,993,275697,"Fantasy, Slice of Life",Zero-G,2023,winter,2026-01-04
41514,"BOFURI: I Don't Want to Get Hurt, so I'll Max Out My Defense. Season 2",TV,7.22,12,1025,268162,"Action, Adventure, Comedy, Fantasy",SILVER LINK.,2023,winter,2026-01-04
50932,The Reincarnation of the Strongest Exorcist in Another World,TV,7.1,13,1030,267308,"Action, Adventure, Fantasy",Studio Blanc.,2023,winter,2026-01-04
52173,The Ice Guy and His Cool Female Colleague,TV,7.31,12,1084,252259,"Comedy, Fantasy, Romance","Zero-G, Liber",2023,winter,2026-01-04
51815,Kubo Won't Let Me Be Invisible,TV,7.54,12,1112,246464,"Comedy, Romance",PINE JAM,2023,winter,2026-01-04
52093,Trigun Stampede,TV,7.83,12,1221,224443,"Action, Adventure, Sci-Fi",Orange,2023,winter,2026-01-04
52736,The Magical Revolution of the Reincarnated Princess and the Genius Young Lady,TV,7.46,12,1225,223509,"Fantasy, Girls Love",Diomedéa,2023,winter,2026-01-04
50854,Handyman Saitou in Another World,TV,7.37,12,1252,218666,"Adventure, Comedy, Fantasy",C2C,2023,winter,2026-01-04
51711,The Iceblade Sorcerer Shall Rule the World,TV,6.35,12,1302,210176,"Action, Fantasy",Cloud Hearts,2023,winter,2026-01-04
49612,Ningen Fushin: Adventurers Who Don't Believe in Humanity Will Save the World,TV,6.33,12,1345,202206,"Action, Adventure, Fantasy",Geek Toys,2023,winter,2026-01-04
44204,In/Spectre 2,TV,7.35,12,1467,184062,"Mystery, Romance, Supernatural",Brain's Base,2023,winter,2026-01-04
52446,Chillin' in My 30s after Getting Fired from the Demon King's Army,TV,7.0,12,1469,183343,"Comedy, Fantasy",Encourage Films,2023,winter,2026-01-04
51678,Onimai: I'm Now Your Sister!,TV,7.64,12,1482,181672,Comedy,Studio Bind,2023,winter,2026-01-04
51019,Demon Slayer: Kimetsu no Yaiba Swordsmith Village Arc,TV,8.16,11,168,1070427,"Action, Supernatural",ufotable,2023,spring,2026-01-04
52034,[Oshi No Ko],TV,8.55,11,180,1005445,"Award Winning, Drama",Doga Kobo,2023,spring,2026-01-04
46569,Hell's Paradise,TV,8.08,13,230,886643,"Action, Adventure, Supernatural",MAPPA,2023,spring,2026-01-04
52211,Mashle: Magic and Muscles,TV,7.62,12,297,760486,"Action, Comedy, Fantasy",A-1 Pictures,2023,spring,2026-01-04
53393,Heavenly Delusion,TV,8.21,13,404,607122,"Adventure, Mystery, Sci-Fi",Production I.G,2023,spring,2026-01-04
48549,Dr. Stone: New World,TV,8.15,11,427,581171,"Adventure, Comedy",TMS Entertainment,2023,spring,2026-01-04
53126,My Love Story with Yamada-kun at Lv999,TV,7.76,13,472,524954,Romance,Madhouse,2023,spring,2026-01-04
52578,The Dangers in My Heart,TV,8.21,12,622,419479,"Comedy, Romance",Shin-Ei Animation,2023,spring,2026-01-04
51958,KonoSuba: An Explosion on This Wonderful World!,TV,7.51,12,701,380138,"Comedy, Fantasy",Drive,2023,spring,2026-01-04
52830,"I Got a Cheat Skill in Another World and Became Unrivaled in The Real World, Too",TV,6.34,13,712,374403,"Action, Adventure, Fantasy",Millepensee,2023,spring,2026-01-04
50416,Skip and Loafer,TV,8.11,12,816,331821,Drama,P.A. Works,2023,spring,2026-01-04
50307,Tonikawa: Over The Moon For You Season 2,TV,7.63,12,950,286150,"Comedy, Romance",Seven Arcs,2023,spring,2026-01-04
53613,Dead Mount Death Play,TV,7.26,12,979,279272,"Action, Fantasy",Geek Toys,2023,spring,2026-01-04
50796,Insomniacs After School,TV,8.07,13,1034,265771,Romance,LIDENFILMS,2023,spring,2026-01-04
48585,Black Clover: Sword of the Wizard King,Movie,7.98,1,1057,261011,"Action, Comedy, Fantasy",Studio Pierrot,2023,spring,2026-01-04
51693,Kamikatsu: Working for God in a Godless World,TV,6.67,12,1207,229230,"Action, Comedy, Fantasy",Studio Palette,2023,spring,2026-01-04
52608,The Aristocrat's Otherworldly Adventure: Serving Gods Who Go Too Far,TV,6.68,12,1254,218562,"Action, Fantasy, Romance","Magic Bus, EMT Squared",2023,spring,2026-01-04
52955,The Ancient Magus' Bride Season 2,TV,7.76,12,1282,213144,"Drama, Fantasy, Romance",Studio Kafka,2023,spring,2026-01-04
52308,Why Raeliana Ended up at the Duke's Mansion,TV,7.53,12,1423,190211,"Fantasy, Romance",Typhoon Graphics,2023,spring,2026-01-04
53129,Rascal Does Not Dream of a Sister Venturing Out,Movie,7.74,1,1431,188971,"Drama, Romance, Supernatural",CloverWorks,2023,spring,2026-01-04
50220,Summoned to Another World for a Second Time,TV,5.67,12,1456,185573,"Adventure, Comedy, Fantasy, Romance",Studio Elle,2023,spring,2026-01-04
51705,A Galaxy Next Door,TV,7.16,12,1512,178040,"Romance, Supernatural",Asahi Production,2023,spring,2026-01-04
51632,In Another World With My Smartphone 2,TV,6.39,12,1584,169374,"Adventure, Comedy, Fantasy, Romance",J.C.Staff,2023,spring,2026-01-04
52657,Ranking of Kings: The Treasure Chest of Courage,TV,7.38,10,1655,159030,"Adventure, Fantasy",Wit Studio,2023,spring,2026-01-04
52973,The Café Terrace and Its Goddesses,TV,7.31,12,1658,158683,"Comedy, Romance, Ecchi",Tezuka Productions,2023,spring,2026-01-04
51009,Jujutsu Kaisen Season 2,TV,8.72,23,117,1303159,"Action, Supernatural",MAPPA,2023,summer,2026-01-04
51179,Mushoku Tensei: Jobless Reincarnation Season 2,TV,8.21,12,317,723658,"Adventure, Drama, Fantasy, Ecchi",Studio Bind,2023,summer,2026-01-04
54112,Zom 100: Bucket List of the Dead,TV,7.71,12,365,657607,"Comedy, Suspense",BUG FILMS,2023,summer,2026-01-04
54856,Horimiya: The Missing Pieces,TV,8.13,13,596,437105,Romance,CloverWorks,2023,summer,2026-01-04
53998,Bleach: Thousand-Year Blood War - The Separation,TV,8.7,13,678,391258,"Action, Adventure, Supernatural",Studio Pierrot,2023,summer,2026-01-04
51552,My Happy Marriage,TV,7.69,12,725,369549,"Drama, Fantasy, Romance",Kinema Citrus,2023,summer,2026-01-04
51498,Masamune-kun's Revenge R,TV,7.23,12,1101,249582,"Comedy, Romance",SILVER LINK.,2023,summer,2026-01-04
54898,Bungo Stray Dogs 5,TV,8.61,11,1106,247631,"Action, Mystery",Bones,2023,summer,2026-01-04
55818,"Mushoku Tensei: Jobless Reincarnation Season 2 - Episode 0 ""Guardian Fitz""",TV Special,7.54,1,1172,235774,"Adventure, Drama, Fantasy, Ecchi",Studio Bind,2023,summer,2026-01-04
54234,The Girl I Like Forgot Her Glasses,TV,7.15,13,1179,234542,"Comedy, Romance",GoHands,2023,summer,2026-01-04
53050,Rent-a-Girlfriend Season 3,TV,6.97,12,1276,214481,"Comedy, Romance",TMS Entertainment,2023,summer,2026-01-04
53632,The Dreaming Boy is a Realist,TV,6.62,12,1294,211628,"Comedy, Romance","Studio Gokumi, AXsiZ",2023,summer,2026-01-04
52969,Am I Actually the Strongest?,TV,6.47,12,1342,202770,"Adventure, Fantasy",Staple Entertainment,2023,summer,2026-01-04
50582,Reign of the Seven Spellblades,TV,6.56,15,1470,183267,"Action, Fantasy",J.C.Staff,2023,summer,2026-01-04
52505,Dark Gathering,TV,7.84,25,1497,180317,"Horror, Supernatural",OLM,2023,summer,2026-01-04
54790,Undead Murder Farce,TV,7.85,13,1501,180135,"Fantasy, Mystery",Lapin Track,2023,summer,2026-01-04
52619,"Reborn as a Vending Machine, I Now Wander the Dungeon",TV,6.43,12,1543,174891,"Comedy, Fantasy","Studio Gokumi, AXsiZ",2023,summer,2026-01-04
48633,Liar Liar,TV,6.29,12,1546,174482,Suspense,Geek Toys,2023,summer,2026-01-04
53200,The Devil is a Part-Timer! Season 2 Part 2,TV,6.67,12,1573,170929,"Comedy, Supernatural",Studio 3Hz,2023,summer,2026-01-04
49413,Link Click Season 2,ONA,8.64,12,1622,163809,"Drama, Mystery, Suspense",LAN Studio,2023,summer,2026-01-04
51764,My Unique Skill Makes Me OP Even at Level 1,TV,6.21,12,1711,152076,"Adventure, Fantasy",Maho Film,2023,summer,2026-01-04
50613,Rurouni Kenshin,TV,7.63,24,1734,149448,Action,LIDENFILMS,2023,summer,2026-01-04
49894,Classroom for Heroes,TV,6.04,12,1797,143461,"Action, Fantasy, Ecchi",Actas,2023,summer,2026-01-04
53263,The Great Cleric,TV,7.11,12,1805,142701,"Adventure, Comedy, Fantasy","Yokohama Animation Lab, Cloud Hearts",2023,summer,2026-01-04
36699,The Boy and the Heron,Movie,7.6,1,1827,140086,"Adventure, Award Winning, Drama, Fantasy",Studio Ghibli,2023,summer,2026-01-04
52991,Frieren: Beyond Journey's End,TV,9.29,28,119,1292051,"Adventure, Drama, Fantasy",Madhouse,2023,fall,2026-01-04
54492,The Apothecary Diaries,TV,8.86,24,292,769557,"Drama, Mystery","OLM, TOHO animation STUDIO",2023,fall,2026-01-04
53887,Spy x Family Season 2,TV,8.06,12,374,645498,"Action, Comedy","Wit Studio, CloverWorks",2023,fall,2026-01-04
40357,The Rising of the Shield Hero Season 3,TV,7.09,12,489,509693,"Action, Adventure, Drama, Fantasy",Kinema Citrus,2023,fall,2026-01-04
54595,The Eminence in Shadow Season 2,TV,8.27,12,493,508083,"Action, Comedy, Fantasy",Nexus,2023,fall,2026-01-04
52347,Shangri-La Frontier,TV,8.1,25,597,435444,"Action, Adventure, Fantasy",C2C,2023,fall,2026-01-04
55644,Dr. Stone: New World Part 2,TV,8.31,11,652,405443,"Adventure, Comedy",TMS Entertainment,2023,fall,2026-01-04
47160,Goblin Slayer II,TV,7.21,12,658,402985,"Action, Adventure, Fantasy",LIDENFILMS,2023,fall,2026-01-04
52741,Undead Unluck,TV,7.75,24,807,335654,"Action, Comedy",David Production,2023,fall,2026-01-04
54714,"The 100 Girlfriends Who Really, Really, Really, Really, Really Love You",TV,7.69,12,881,313311,"Comedy, Romance",Bibury Animation Studios,2023,fall,2026-01-04
51297,Ragna Crimson,TV,7.55,24,1016,269874,"Action, Fantasy",SILVER LINK.,2023,fall,2026-01-04
54918,Tokyo Revengers: Tenjiku Arc,TV,7.82,13,1055,261539,"Action, Drama",LIDENFILMS,2023,fall,2026-01-04
53439,Berserk of Gluttony,TV,6.72,12,1110,246647,"Action, Adventure, Fantasy",A.C.G.T.,2023,fall,2026-01-04
35737,Pluto,ONA,8.44,8,1161,237489,"Action, Mystery, Sci-Fi, Suspense",Studio M2,2023,fall,2026-01-04
53888,Spy x Family Code: White,Movie,8.11,1,1186,232987,"Action, Comedy","Wit Studio, CloverWorks",2023,fall,2026-01-04
54362,The Kingdoms of Ruin,TV,6.22,12,1224,223505,"Action, Drama, Fantasy, Sci-Fi",Yokohama Animation Lab,2023,fall,2026-01-04
52990,Our Dating Story: The Experienced You and The Inexperienced Me,TV,6.75,12,1240,221234,Romance,ENGI,2023,fall,2026-01-04
50184,The Demon Sword Master of Excalibur Academy,TV,6.2,12,1561,172238,"Action, Fantasy",Passione,2023,fall,2026-01-04
54870,Rascal Does Not Dream of a Knapsack Kid,Movie,8.29,1,1586,169165,"Drama, Romance, Supernatural",CloverWorks,2023,fall,2026-01-04
54852,A Returner's Magic Should Be Special,TV,7.05,12,1590,168746,"Action, Fantasy",Arvo Animation,2023,fall,2026-01-04
53879,Ron Kamonohashi's Forbidden Deductions,TV,7.51,13,1641,161103,"Comedy, Mystery",Diomedéa,2023,fall,2026-01-04
53833,I'm in Love with the Villainess,TV,7.35,12,1774,145687,"Comedy, Fantasy, Girls Love",Platinum Vision,2023,fall,2026-01-04
50664,The Faraway Paladin: The Lord of the Rust Mountains,TV,7.43,12,1815,141574,"Action, Adventure, Fantasy","OLM, Sunrise Beyond",2023,fall,2026-01-04
54743,Dead Mount Death Play Part 2,TV,7.44,12,1821,140976,"Action, Fantasy",Geek Toys,2023,fall,2026-01-04
52934,I'm Giving the Disgraced Noble Lady I Rescued a Crash Course in Naughtiness,TV,7.15,12,1901,134039,"Comedy, Fantasy, Romance","Zero-G, Digital Network Animation",2023,fall,2026-01-04
52299,Solo Leveling,TV,8.2,12,166,1074396,"Action, Adventure, Fantasy",A-1 Pictures,2024,winter,2026-01-04
52701,Delicious in Dungeon,TV,8.59,24,451,546579,"Adventure, Comedy, Fantasy, Gourmet",Trigger,2024,winter,2026-01-04
51180,Classroom of the Elite III,TV,7.94,13,501,502773,"Drama, Suspense",Lerche,2024,winter,2026-01-04
55813,Mashle: Magic and Muscles - The Divine Visionary Candidate Exam Arc,TV,7.78,12,517,485942,"Action, Comedy, Fantasy",A-1 Pictures,2024,winter,2026-01-04
55866,A Sign of Affection,TV,8.2,12,831,327840,Romance,Ajia-do,2024,winter,2026-01-04
49889,Tsukimichi -Moonlit Fantasy- Season 2,TV,7.84,25,865,318335,"Action, Adventure, Comedy, Fantasy",J.C.Staff,2024,winter,2026-01-04
49613,The Wrong Way to Use Healing Magic,TV,7.53,13,899,307599,"Action, Adventure, Fantasy","Shin-Ei Animation, Studio Add",2024,winter,2026-01-04
55690,The Dangers in My Heart Season 2,TV,8.71,13,932,291350,"Comedy, Romance",Shin-Ei Animation,2024,winter,2026-01-04
50392,Chained Soldier,TV,6.85,12,1117,245958,"Action, Fantasy, Ecchi",Seven Arcs,2024,winter,2026-01-04
56352,7th Time Loop: The Villainess Enjoys a Carefree Life Married to Her Worst Enemy!,TV,7.53,12,1230,222559,Romance,"Studio KAI, HORNETS",2024,winter,2026-01-04
51648,The Unwanted Undead Adventurer,TV,7.43,12,1275,214733,"Action, Adventure, Fantasy",Connect,2024,winter,2026-01-04
52742,Haikyu!! Movie: The Dumpster Battle,Movie,8.61,1,1288,212200,Sports,Production I.G,2024,winter,2026-01-04
53421,Hokkaido Gals Are Super Adorable!,TV,7.05,12,1290,211891,"Comedy, Romance","SILVER LINK., Blade",2024,winter,2026-01-04
54837,Villainess Level 99: I May Be the Hidden Boss but I'm Not the Demon Lord,TV,7.13,12,1370,198673,Fantasy,Jumondou,2024,winter,2026-01-04
54722,Gushing over Magical Girls,TV,7.61,13,1392,195320,"Action, Comedy, Girls Love, Ecchi",Asahi Production,2024,winter,2026-01-04
56285,Ninja Kamui,TV,6.56,13,1403,193350,"Action, Sci-Fi",E&H Production,2024,winter,2026-01-04
52816,The Witch and the Beast,TV,7.45,12,1471,182987,"Action, Fantasy",Yokohama Animation Lab,2024,winter,2026-01-04
53730,"My Instant Death Ability is So Overpowered, No One in This Other World Stands a Chance Against Me!",TV,6.36,12,1473,182893,"Action, Adventure, Comedy, Fantasy",Okuruto Noboru,2024,winter,2026-01-04
53889,Blue Exorcist: Shimane Illuminati Saga,TV,7.11,12,1514,178007,"Action, Supernatural",Studio VOLN,2024,winter,2026-01-04
53488,"Banished From The Hero's Party, I Decided To Live A Quiet Life In The Countryside Season 2",TV,6.76,12,1735,149351,"Fantasy, Romance",Studio Flad,2024,winter,2026-01-04
50803,Bottom-Tier Character Tomozaki 2nd Stage,TV,7.04,13,1760,147048,"Drama, Romance",Project No.9,2024,winter,2026-01-04
55129,The Foolish Angel Dances with the Devil,TV,6.91,12,1807,142480,"Comedy, Romance, Supernatural",Children's Playground Entertainment,2024,winter,2026-01-04
54265,Tales of Wedding Rings,TV,6.07,12,1868,137063,"Action, Fantasy, Romance, Ecchi",Staple Entertainment,2024,winter,2026-01-04
53590,The Weakest Tamer Began a Journey to Pick Up Trash,TV,7.57,12,1891,134922,"Adventure, Fantasy",Studio Massket,2024,winter,2026-01-04
54449,Ishura,TV,6.73,12,1948,129707,"Action, Adventure, Fantasy",Passione,2024,winter,2026-01-04
55701,Demon Slayer: Kimetsu no Yaiba Hashira Training Arc,TV,8.04,8,313,726205,"Action, Supernatural",ufotable,2024,spring,2026-01-04
52588,Kaiju No. 8,TV,8.24,12,342,689222,"Action, Fantasy, Sci-Fi",Production I.G,2024,spring,2026-01-04
55888,Mushoku Tensei: Jobless Reincarnation Season 2 Part 2,TV,8.4,12,456,540896,"Adventure, Drama, Fantasy, Ecchi",Studio Bind,2024,spring,2026-01-04
49458,KonoSuba: God's Blessing on This Wonderful World! 3,TV,8.34,11,465,527864,"Adventure, Comedy, Fantasy",Drive,2024,spring,2026-01-04
53580,That Time I Got Reincarnated as a Slime Season 3,TV,7.7,24,564,452118,"Action, Comedy, Fantasy",8bit,2024,spring,2026-01-04
54789,My Hero Academia Season 7,TV,8.11,21,584,441185,Action,Bones,2024,spring,2026-01-04
54900,Wind Breaker,TV,7.72,13,592,437812,Action,CloverWorks,2024,spring,2026-01-04
51122,Spice and Wolf: Merchant Meets the Wise Wolf,TV,8.12,25,1083,252534,"Adventure, Drama, Romance, Supernatural",Passione,2024,spring,2026-01-04
53516,I Was Reincarnated as the 7th Prince so I Can Take My Time Perfecting My Magical Ability,TV,7.42,12,1093,250892,"Adventure, Fantasy",Tsumugi Akita Animation Lab,2024,spring,2026-01-04
56923,Chillin' in Another World with Level 2 Super Cheat Powers,TV,6.82,12,1163,236710,"Adventure, Fantasy, Romance",J.C.Staff,2024,spring,2026-01-04
58125,Look Back,Movie,8.63,1,1273,215355,Drama,Studio DURIAN,2024,spring,2026-01-04
48418,The Misfit of Demon King Academy II Part 2,TV,6.47,12,1360,200255,"Action, Fantasy",SILVER LINK.,2024,spring,2026-01-04
53434,An Archdemon's Dilemma: How to Love Your Elf Bride,TV,7.29,12,1366,199300,"Action, Fantasy, Romance",Brain's Base,2024,spring,2026-01-04
53770,Go! Go! Loser Ranger!,TV,7.31,12,1400,193655,"Action, Fantasy",Yostar Pictures,2024,spring,2026-01-04
55265,"As a Reincarnated Aristocrat, I'll Use My Appraisal Skill to Rise in the World",TV,7.17,12,1452,185985,"Adventure, Fantasy",studio MOTHER,2024,spring,2026-01-04
56690,Re:Monster,TV,6.54,12,1503,179513,"Action, Adventure, Fantasy",Studio Deen,2024,spring,2026-01-04
50713,The Irregular at Magic High School Season 3,TV,7.04,13,1702,152647,"Action, Fantasy, Romance, Sci-Fi",8bit,2024,spring,2026-01-04
53835,Unnamed Memory,TV,6.79,12,1705,152484,"Adventure, Fantasy, Romance",ENGI,2024,spring,2026-01-04
53865,Mission: Yozakura Family,TV,7.57,27,1719,151308,"Action, Comedy",SILVER LINK.,2024,spring,2026-01-04
56230,Grandpa and Grandma Turn Young Again,TV,7.45,11,1776,145367,"Comedy, Romance, Supernatural",Gekkou,2024,spring,2026-01-04
57100,The New Gate,TV,6.46,12,1783,144700,"Action, Adventure, Fantasy","Yokohama Animation Lab, Cloud Hearts",2024,spring,2026-01-04
52196,Date A Live V,TV,7.69,12,1878,136575,"Action, Fantasy, Romance, Sci-Fi",Geek Toys,2024,spring,2026-01-04
55597,A Condition Called Love,TV,6.76,12,1909,133412,Romance,East Fish Studio,2024,spring,2026-01-04
53407,Bartender Glass of God,TV,7.37,12,1913,133023,"Drama, Gourmet",Liber,2024,spring,2026-01-04
54839,Jellyfish Can't Swim in the Night,TV,7.74,12,1946,129863,Drama,Doga Kobo,2024,spring,2026-01-04
55791,[Oshi No Ko] Season 2,TV,8.53,13,519,484204,Drama,Doga Kobo,2024,summer,2026-01-04
54744,Alya Sometimes Hides Her Feelings in Russian,TV,7.56,12,540,468868,"Comedy, Romance",Doga Kobo,2024,summer,2026-01-04
58059,Wistoria: Wand and Sword,TV,7.86,12,805,336887,"Action, Fantasy","Actas, Bandai Namco Pictures",2024,summer,2026-01-04
57524,Makeine: Too Many Losing Heroines!,TV,8.09,12,885,311336,"Comedy, Romance",A-1 Pictures,2024,summer,2026-01-04
52635,Tower of God Season 2: Return of the Prince,TV,6.67,13,966,282082,"Action, Adventure, Drama, Fantasy, Mystery",The Answer Studio,2024,summer,2026-01-04
58426,My Deer Friend Nokotan,TV,6.96,12,1027,267608,Comedy,Wit Studio,2024,summer,2026-01-04
52367,No Longer Allowed in Another World,TV,7.25,12,1215,226613,"Adventure, Comedy, Fantasy",Atelier Pontdarc,2024,summer,2026-01-04
57892,Failure Frame: I Became the Strongest and Annihilated Everything With Low-Level Spells,TV,6.47,12,1258,217472,"Action, Adventure, Fantasy",Seven Arcs,2024,summer,2026-01-04
54968,Pseudo Harem,TV,7.83,12,1295,211485,"Comedy, Romance",Nomad,2024,summer,2026-01-04
57058,I Parry Everything,TV,6.88,12,1330,205436,"Action, Adventure, Fantasy",OLM,2024,summer,2026-01-04
52481,Days with My Stepsister,TV,7.31,12,1359,200373,Romance,Studio Deen,2024,summer,2026-01-04
54724,The Elusive Samurai,TV,7.79,12,1384,196538,"Adventure, Comedy",CloverWorks,2024,summer,2026-01-04
54913,"The Ossan Newbie Adventurer, Trained to Death by the Most Powerful Party, Became Invincible",TV,7.36,12,1385,196460,"Action, Adventure, Fantasy",Yumeta Company,2024,summer,2026-01-04
49785,Fairy Tail: 100 Years Quest,TV,7.6,25,1604,167164,"Action, Adventure, Fantasy",J.C.Staff,2024,summer,2026-01-04
55848,Suicide Squad Isekai,TV,6.38,10,1664,157614,"Action, Fantasy",Wit Studio,2024,summer,2026-01-04
53802,2.5 Dimensional Seduction,TV,7.41,24,1717,151533,"Comedy, Ecchi",J.C.Staff,2024,summer,2026-01-04
57876,The Strongest Magician in the Demon Lord's Army Was a Human,TV,6.41,12,1765,146482,"Action, Adventure, Fantasy",Studio A-CAT,2024,summer,2026-01-04
57810,Shoshimin: How to Become Ordinary,TV,7.35,10,1882,136155,Mystery,Lapin Track,2024,summer,2026-01-04
56062,Why Does Nobody Remember Me in This World?,TV,6.23,12,1899,134264,"Action, Fantasy, Sci-Fi",Project No.9,2024,summer,2026-01-04
48896,Overlord: The Sacred Kingdom,Movie,7.75,1,2173,111410,"Action, Adventure, Fantasy",Madhouse,2024,summer,2026-01-04
49981,Our Last Crusade or the Rise of a New World Season 2,TV,6.77,12,2222,107152,"Action, Fantasy, Romance","SILVER LINK., Studio Palette",2024,summer,2026-01-04
56063,NieR:Automata Ver1.1a (Cour 2),TV,8.05,12,2237,106182,"Action, Fantasy, Sci-Fi",A-1 Pictures,2024,summer,2026-01-04
56538,Kimi ni Todoke: From Me to You Season 3,ONA,8.44,5,2250,105825,"Drama, Romance",Production I.G,2024,summer,2026-01-04
57217,The Magical Girl and the Evil Lieutenant Used to Be Archenemies,TV,7.55,12,2321,101138,"Comedy, Romance",Bones,2024,summer,2026-01-04
57864,Monogatari Series: Off & Monster Season,ONA,8.65,14,2369,98066,"Comedy, Mystery, Supernatural",Shaft,2024,summer,2026-01-04
57334,Dan Da Dan,TV,8.45,12,222,897109,"Action, Comedy, Supernatural",Science SARU,2024,fall,2026-01-04
54857,Re:ZERO -Starting Life in Another World- Season 3,TV,8.43,16,552,463390,"Drama, Fantasy, Suspense",White Fox,2024,fall,2026-01-04
54865,Blue Lock Season 2,TV,7.53,14,870,316170,Sports,8bit,2024,fall,2026-01-04
57181,Blue Box,TV,8.17,25,907,303618,"Romance, Sports",Telecom Animation Film,2024,fall,2026-01-04
56784,Bleach: Thousand-Year Blood War - The Conflict,TV,8.67,14,1005,272871,"Action, Adventure, Supernatural",Pierrot Films,2024,fall,2026-01-04
52215,Orb: On the Movements of the Earth,TV,8.7,25,1062,258436,Drama,Madhouse,2024,fall,2026-01-04
58572,Shangri-La Frontier Season 2,TV,8.26,25,1136,243337,"Action, Adventure, Fantasy",C2C,2024,fall,2026-01-04
40333,Uzumaki: Spiral Into Horror,TV,5.68,4,1150,240317,"Avant Garde, Drama, Horror, Suspense","Akatsuki, Fugaku",2024,fall,2026-01-04
57066,Is It Wrong to Try to Pick Up Girls in a Dungeon? V,TV,7.89,15,1325,206089,"Action, Adventure, Fantasy",J.C.Staff,2024,fall,2026-01-04
52995,Arifureta: From Commonplace to World's Strongest Season 3,TV,7.02,16,1409,192389,"Action, Adventure, Fantasy",asread.,2024,fall,2026-01-04
50306,Seirei Gensouki: Spirit Chronicles Season 2,TV,6.87,12,1418,191330,"Action, Adventure, Fantasy, Romance",TMS Entertainment,2024,fall,2026-01-04
59145,Ranma ½ (2024),TV,7.99,12,1664,157706,"Action, Comedy, Romance, Ecchi",MAPPA,2024,fall,2026-01-04
58172,Let This Grieving Soul Retire,TV,7.05,13,1708,152166,"Action, Adventure, Fantasy",Zero-G,2024,fall,2026-01-04
56964,Yakuza Fiancé: Raise wa Tanin ga Ii,TV,7.18,12,1776,145489,Romance,Studio Deen,2024,fall,2026-01-04
58714,"The Most Notorious ""Talker"" Runs the World's Greatest Clan",TV,7.59,12,1820,141107,"Action, Adventure, Fantasy","Felix Film, Ga-Crew",2024,fall,2026-01-04
57891,Loner Life in Another World,TV,6.56,12,1830,139891,"Action, Adventure, Fantasy","Passione, Hayabusa Film",2024,fall,2026-01-04
60022,One Piece Fan Letter,TV Special,9.02,1,1849,138344,"Action, Adventure, Fantasy",Toei Animation,2024,fall,2026-01-04
57611,You are Ms. Servant.,TV,7.06,12,1904,133809,"Comedy, Romance",Felix Film,2024,fall,2026-01-04
54853,Demon Lord 2099,TV,7.42,12,1924,132327,"Action, Fantasy, Sci-Fi",J.C.Staff,2024,fall,2026-01-04
59989,Tower of God Season 2: Workshop Battle,TV,6.89,13,1928,132183,"Action, Adventure, Drama, Fantasy, Mystery",The Answer Studio,2024,fall,2026-01-04
56894,Dragon Ball Daima,TV,7.58,20,1951,129619,"Action, Adventure, Comedy, Fantasy",Toei Animation,2024,fall,2026-01-04
56228,I'll Become a Villainess Who Goes Down in History,TV,7.34,13,1971,127530,"Comedy, Fantasy, Romance",Maho Film,2024,fall,2026-01-04
59131,"As a Reincarnated Aristocrat, I'll Use My Appraisal Skill to Rise in the World Season 2",TV,7.44,12,2074,119519,"Adventure, Fantasy",studio MOTHER,2024,fall,2026-01-04
55887,365 Days to the Wedding,TV,7.12,12,2114,117110,Romance,Ashi Productions,2024,fall,2026-01-04
55994,Sword Art Online Alternative: Gun Gale Online II,TV,7.14,12,2138,114632,Action,A-1 Pictures,2024,fall,2026-01-04
